,player,main.filter_depth.value_path,main.filter_depth.value_max,main.filter_depth.value_sum,main.filter_depth.value_levelmean,main.filter_depth.value_EV,main.filter_rank.value_path,main.filter_rank.value_max,main.filter_rank.value_sum,main.filter_rank.value_levelmean,main.filter_rank.value_EV,main.filter_value.value_path,main.filter_value.value_max,main.filter_value.value_sum,main.filter_value.value_levelmean,main.filter_value.value_EV
0,user0,-542.456724682095,-542.456724682095,-542.456724682095,-542.456724682095,-537.6082129685402,-610.6549892000533,-693.8456455996907,-677.453733201804,-593.8205616082059,-602.1377965100673,-611.8870900682616,-697.1507875512049,-679.9997179359727,-597.3517656280901,-605.1593410947446
1,user1,-617.8063687278798,-617.8063687278798,-617.8063687278798,-617.80636872788,-611.0880225556638,-666.8029833411292,-710.0594101910219,-701.0090328055057,-653.0056235571249,-661.1300801276611,-665.9952114584098,-713.5654840029537,-699.118023176964,-653.4078173846297,-660.2299319324613
2,user10,-567.2890828901402,-571.0340815546815,-571.0340815546815,-561.9876982891858,-557.3792426380135,-571.2449908271053,-683.7191397021641,-651.4575053461954,-574.2695401347379,-571.4017738283412,-583.1334849604248,-686.3482246570725,-658.6295407064345,-586.2931036763903,-573.3559909059338
3,user11,-662.5420647497463,-662.5420647497463,-662.5420647497463,-662.5420647497463,-660.7572451864455,-658.0896529375846,-711.2102397028851,-699.1282010192499,-670.7969407993002,-670.5288086883704,-665.7084357705215,-715.6521193159781,-705.0649249062265,-679.4587556734493,-673.3103447358001
4,user12,-538.1988234229962,-537.9917132625616,-538.1988234229962,-538.1988234229962,-525.303331687363,-580.7518509038171,-680.057384859623,-649.9389026868214,-568.5324103005809,-565.4894391003293,-579.9216606930379,-681.4674618461952,-652.0341738556726,-569.0411079308651,-565.073700123017
5,user13,-551.9441668787902,-554.3403737132062,-554.3403737132063,-554.3403737132062,-542.0195307855795,-589.2168320724877,-672.9761377381108,-670.8556097605858,-585.757639169896,-566.3196489280326,-589.0601230870948,-673.9851178766573,-671.7698728850485,-585.6958347489744,-566.1717805230517
6,user14,-722.172994018392,-720.2903431092484,-720.3656573140615,-723.6349656612556,-722.3282031167739,-721.1981268775592,-721.3231924039585,-717.069216794471,-720.7254161873583,-722.0023797504587,-721.2066155665693,-724.3892246014664,-719.0160395648247,-721.9775603668277,-721.6345693278788
7,user15,-329.53184870707213,-331.0064978040655,-331.0064978040655,-323.08961353457323,-405.55275270599725,-455.5536314184983,-650.632121666265,-602.5610184974615,-402.78010386252697,-472.8173336646859,-455.5083209246362,-652.3306185433675,-603.9337624162579,-401.40338597177686,-473.0608269497769
8,user16,-571.0670846545731,-571.0670846545731,-571.0670846545735,-571.0670846545731,-570.5243788551368,-637.9370556595277,-698.1455524513672,-697.8348444431325,-638.9363404458488,-631.0490808583661,-638.4689021972881,-703.153509881196,-700.5522590545629,-641.3804069271191,-635.6484207409032
9,user17,-373.77919142588587,-373.779191425886,-373.77919142588587,-373.77919142588587,-390.0343560768018,-488.84798840051974,-657.6953683343202,-608.4251056700767,-453.713983142598,-487.71845230670647,-493.83640587680736,-661.480830520941,-614.3706737259174,-456.4668446274262,-489.76283363423823
10,user18,-584.913889546358,-584.9138895463581,-584.913889546358,-584.913889546358,-583.147452596615,-639.6807267184361,-703.5481561315305,-688.5971968252343,-629.5174291878524,-634.751886674803,-640.1099239125305,-703.4386736354104,-689.3331225809123,-629.1278525824353,-635.223098665479
11,user19,-430.0062288825246,-435.518272883683,-435.518272883683,-433.90976958464296,-424.6946094214648,-507.63624748388975,-645.9998147084311,-635.0535201254768,-491.9509769630957,-493.12454740915376,-509.20401059127386,-653.9106999305325,-631.8274145955718,-497.39138452483496,-496.7047286843643
12,user2,-319.6755505464649,-319.6755505464649,-319.6755505464649,-319.6755505464648,-344.4559059410873,-451.27542348752934,-635.212910706878,-621.2150170839441,-448.80859762764254,-456.77505218528455,-453.4805236148605,-641.5854543713183,-626.7658305985374,-453.12662647792456,-456.6304315157316
13,user20,-656.4426627654226,-656.4426627654226,-656.4426627654226,-656.4426627654226,-656.4426627654225,-676.9245330158924,-707.944493586951,-704.6430260657507,-675.7587308601214,-676.9245330158924,-677.4708114357136,-707.4795570063154,-703.8632843067355,-675.7587308601214,-677.4708114357134
14,user21,-685.0417653532099,-691.4716011490245,-688.5946735467223,-686.1946951758687,-683.8054953550686,-689.345087121513,-715.2154222315977,-707.8423786462142,-689.6081418775625,-687.9115261579423,-688.4632414668793,-715.1051419797802,-704.2838360955766,-688.8566127245342,-687.1832599768316
15,user22,-582.0104001831194,-581.2788587954052,-583.9743009227286,-581.3490303639317,-573.6207501349613,-604.2143543905099,-678.329844153312,-685.6604441943359,-612.7703618728052,-598.9272319379847,-606.5121257827358,-681.624165814382,-679.3285670317946,-613.7383407666431,-600.8313337820969
16,user23,-377.499318180111,-377.49931818011106,-377.499318180111,-376.800210062204,-408.42408239516186,-469.89824162091475,-653.840008061444,-602.7653533883906,-440.85092519909153,-499.9306936116555,-477.19572315824496,-655.4209779846307,-609.5753783793197,-441.9224740030981,-506.2544775297025
17,user24,-457.12122402172366,-457.12122402172355,-457.1212240217235,-457.12122402172355,-465.02235372868796,-552.9728816782264,-663.5479515807729,-659.4240709707751,-539.1286997523027,-559.7282526835459,-556.8908093155244,-669.7577085607227,-658.3471029487205,-544.0607106619005,-562.2726370986829
18,user25,-441.1719602119391,-441.17196021193917,-441.1719602119391,-441.17196021193917,-482.58372747752134,-543.8950574777273,-672.9154075501822,-658.5876513707057,-518.3307008115719,-554.4791308362833,-548.1754955053663,-675.2120146203581,-658.6909978808029,-518.741057688196,-556.2167118755443
19,user26,-473.44874869957135,-473.4487486995713,-473.44874869957135,-473.4487486995713,-509.30900322711216,-581.5014516758529,-692.6084829049257,-665.4402734790355,-561.9211709303377,-592.2176150646444,-582.7071021602077,-696.3197071304112,-667.1346416710625,-565.2723303887549,-594.1419660092729
20,user27,-408.30860115003634,-408.3086011500362,-408.3086011500362,-408.3086011500362,-485.26213802016815,-515.7602275748394,-677.5854846021884,-646.8661538005977,-501.7602064151657,-551.401152744495,-513.3976338985951,-680.6093264351271,-651.9641484298367,-499.91347905424095,-549.6588150228515
21,user28,-380.3597621736102,-380.35976217361025,-380.3597621736103,-380.35976217361025,-426.8163909703705,-505.1547068289416,-669.5654521112931,-634.4133320770169,-478.5595572546914,-544.7230041271337,-507.3862026336566,-669.9995760249947,-634.0963614391828,-480.2556821240398,-545.541399279015
22,user29,-456.7985308165978,-456.79853081659775,-456.79853081659775,-451.23907679782326,-472.756634575092,-520.3476219364429,-647.9358685219559,-646.6608692600844,-515.4169201633806,-527.443368649278,-522.0903279347935,-647.9105160094607,-642.6896409082241,-517.1369894955992,-528.3762121019686
23,user3,-481.09105468432745,-486.7837239367827,-486.7837239367827,-476.92257438001303,-482.0360269806528,-528.1697285849773,-668.3484329629359,-625.1005327272537,-521.2644137426414,-516.5821608875124,-521.9033654598022,-671.5735070588898,-633.2701670964407,-523.3723280328877,-516.7985206907517
24,user30,-435.93635080172004,-435.93635080172,-435.93635080172004,-435.9363508017201,-426.16015872601866,-527.5055136503038,-668.456885699451,-655.764688393529,-514.9465079771026,-501.0834776030302,-530.0289171644258,-675.7562147084238,-658.8094703982906,-523.1041096858859,-502.45786050693056
25,user31,-485.97488087623134,-485.9748808762313,-485.9748808762313,-483.3417020069583,-475.2109404507708,-572.075944962719,-661.6958859801798,-667.9697049792237,-550.3909015257013,-565.378100226739,-574.923363105951,-663.1878607906094,-671.6993658816089,-553.2169327979705,-566.267547290041
26,user32,-657.9766277264769,-657.9766277264769,-657.9766277264769,-657.9766277264769,-657.9766277264769,-681.5293390243116,-709.5531344321596,-704.1918057024957,-677.958780404366,-678.8220843931513,-683.0728803788529,-709.386941843213,-702.9910679123811,-677.773627550529,-683.0728803788529
27,user33,-610.7849062545089,-610.784906254509,-610.7849062545088,-610.7849062545088,-609.4080482122544,-642.9021849428799,-695.8113138640975,-691.7904613627444,-636.9384594180277,-637.5457201857839,-646.152761195993,-700.5393327299446,-695.3548026027547,-637.388358771279,-640.7601731584134
28,user34,-719.7202322926057,-723.666052495159,-715.7811730592721,-718.1872302146023,-718.6046956165178,-717.123796711586,-724.0731394043737,-715.636103133673,-715.5341138965259,-716.8023731476089,-718.2941485070126,-724.5123225487562,-716.0257653821225,-717.6868132457548,-717.8680309138717
29,user35,-379.14261050295966,-406.17965126305756,-406.1796512630575,-398.4624800243187,-381.7115738578693,-474.3410461331526,-654.1995618136925,-619.324541290626,-464.45632454993705,-445.3653552490311,-477.3732907516947,-659.7473256938049,-620.952299820043,-470.94514955023857,-448.27981592764985
30,user36,-308.53071685872544,-308.5307168587255,-308.5307168587254,-308.5307168587254,-376.19784849835065,-453.2588773631928,-639.3385837916694,-623.35094768986,-422.209631530224,-495.833787950749,-456.1847978617503,-645.695144666963,-624.3363141558004,-428.14162586717424,-494.3997079128414
31,user37,-532.654557058068,-548.9302841072401,-547.9112270730657,-523.043544752557,-529.2534688702409,-544.7783157943204,-671.0475299347106,-629.4500027900847,-539.5693284462923,-540.2776293559155,-547.4346458761231,-672.6625584253243,-628.3966768303778,-540.3768519211717,-540.1149758082138
32,user38,-152.98374389360401,-152.98374389360407,-152.98374389360433,-152.98374389360407,-270.2066253226693,-379.0917998879634,-634.6249932277417,-598.1275945424509,-349.6354592452261,-438.3954137196782,-384.6247343544053,-643.065430244499,-601.673840286404,-357.0425762463891,-443.5305734606872
33,user39,-497.1535110231802,-497.1535110231801,-497.1535110231801,-497.15351102318016,-497.9926232428782,-597.8086563459717,-681.701322184231,-691.607948302975,-601.9424956619724,-587.7670429934551,-600.2861284026696,-684.0086353018121,-691.460141551237,-603.7028560357151,-592.6975689777257
34,user4,-516.1192013953596,-577.376156558795,-560.0150568019011,-533.2433952032383,-488.47518930257644,-510.4398906532805,-664.4866743580142,-604.0989392202159,-533.6216055871552,-485.8055912102119,-513.5964353408804,-668.2851797194539,-611.5015553024432,-536.0091538196889,-485.49245966940225
35,user40,-433.6896056411697,-432.38098139731574,-433.6896056411697,-428.46765542190474,-435.4927623924862,-513.9360523837198,-650.1327999912814,-623.7476620387022,-484.3552281002745,-515.8433439563823,-520.0179819541662,-654.5780472744962,-627.3939523799498,-489.08775243769105,-520.1191543655514
36,user41,-585.8409907650326,-585.8409907650328,-585.8409907650326,-585.8409907650326,-583.4815360372817,-637.8229685349232,-685.7847975181921,-676.3711416597707,-610.870519925827,-628.0946398954993,-636.9607784261336,-687.1302213024987,-679.0250207039041,-615.626076623113,-630.4294992576349
37,user42,-445.6543280936061,-479.6613700846638,-479.54889903808595,-456.16036504895203,-438.3424385294947,-461.4704519155332,-611.2017435252401,-599.8801169499866,-473.0679237066167,-449.78623539077,-465.02687470127705,-613.342507186417,-606.8718964911154,-479.61261462288695,-450.9823812728841
38,user43,-308.4772865564471,-308.4772865564471,-308.4772865564471,-308.477286556447,-353.61646264709304,-441.59070651825397,-632.175592405509,-613.4746486858298,-426.883424889587,-484.4585956977749,-450.9261248772931,-639.6914446482026,-615.0015313827347,-435.62335434931504,-487.80851058869297
39,user44,-709.2663982228105,-711.3334318785705,-710.2805755387164,-708.5491087644234,-707.5244728109603,-710.5292086129342,-713.0326443424135,-710.5458362810936,-704.8961820583974,-710.6070432520485,-712.641603787059,-714.0172568600092,-710.9672722100211,-707.5883380885541,-711.3115164336796
40,user45,-292.083068594179,-292.083068594179,-292.08306859417917,-292.083068594179,-344.80231251392746,-441.8259442941232,-640.7847705820117,-615.0321262152061,-429.63604565363767,-465.66242759697076,-449.9404986743257,-647.6987420854487,-622.0773678663224,-432.2728217307731,-469.4867256892133
41,user46,-384.8626041460986,-384.8626041460986,-384.86260414609853,-384.86260414609853,-470.8298338033945,-485.1774094984004,-654.9023162902647,-615.8878802721297,-464.14886436780944,-552.3369454790851,-490.5738243985045,-652.1931902419983,-623.9157684327482,-471.3453465122985,-554.4658326126802
42,user47,-537.1228295423994,-545.1757533798789,-545.1757533798789,-531.4363196546583,-531.9287180184978,-572.027785003532,-676.5548629330905,-646.0673001104794,-561.3728652932623,-560.4726000689266,-576.8261419756928,-678.4644259567403,-646.5996252201221,-561.3728652932623,-561.1927927690199
43,user48,-582.3552828191857,-582.5121468801044,-582.5121468801043,-582.5121468801045,-588.2980806738317,-644.1388396229854,-701.0848575647412,-699.503300100755,-629.5379597043468,-648.1117948439248,-639.4635880360139,-699.0235454069363,-696.4735652471184,-626.4176046864651,-644.2787890919014
44,user49,-723.1088312935653,-722.097193972595,-721.988521447124,-722.3785890549975,-726.655852205788,-722.7047231310368,-721.1804739970837,-721.5455780218485,-722.9753851437665,-726.0941635877978,-722.3444733751004,-723.3194064197869,-720.8246404948683,-722.2315109311967,-726.14174707194
45,user5,-564.2920068084675,-564.292006808468,-564.2920068084672,-564.2920068084682,-563.4370200533237,-625.4250292987842,-683.0750370880753,-680.4492937624118,-609.2709103645552,-614.738794741234,-625.4982925345092,-688.6048973432612,-681.4550347042243,-609.8627182707471,-623.9191697030724
46,user50,-727.4329239521481,-726.793351566402,-723.9725138909082,-726.6797849704469,-727.3994622247706,-722.9514083305462,-722.9002702532566,-724.0222301394786,-722.8765889431234,-725.0660951171637,-726.2656011000782,-727.0953760092987,-723.8567160566097,-725.0764804921092,-726.9746297356105
47,user51,-270.7137978631324,-270.7137978631324,-270.71379786313247,-270.71379786313236,-356.8978568089635,-457.4224324092502,-650.6916539135964,-601.6953723993319,-419.82188480801227,-482.8474867318335,-466.3360592886088,-660.4069154632261,-609.1849593017199,-428.79448324854326,-493.3099020258846
48,user52,-123.14416714741117,-123.14416714741114,-123.14416714741121,-123.14416714741098,-245.76247165124232,-413.6866149973984,-633.100173569171,-601.8298035983128,-351.9250208099362,-464.7063531030523,-416.4812681567192,-640.8640712477034,-605.7370710778549,-355.19785269279356,-469.2433640477781
49,user53,-678.6723554923315,-678.6723554923317,-678.6723554923315,-678.6723554923317,-678.6723554923315,-693.7316125263105,-719.6513249985449,-709.8505814067282,-686.7215134326775,-691.1143187477819,-697.4096981330042,-718.3215691026674,-715.7258239548614,-689.9562160078701,-696.862435845323
50,user54,-451.6189794317312,-452.3543363601575,-452.3543363601575,-452.35433636015745,-481.44114347026056,-548.3008614928867,-657.250712437025,-641.6442944821906,-506.39826984469846,-555.6291876915377,-550.1482042868447,-663.7732409065623,-641.5266785145675,-509.4773969280557,-551.4111958428364
51,user55,-591.8508974784426,-591.8508974784426,-591.8508974784427,-591.8508974784427,-584.5833943126836,-642.106503791342,-696.8297525054193,-694.7266567305699,-632.9803073818447,-631.3697644243965,-645.4795965657655,-700.6882177292575,-692.1339267514654,-633.4569267232841,-634.6542264468078
52,user56,-668.166552020148,-677.3423202730821,-676.8597721782767,-670.4757831895561,-668.5142052990602,-673.321887411751,-699.9115717682125,-700.6408220133394,-674.9968469415385,-672.2822666835525,-673.8376202271184,-702.4740010790313,-699.1180633554825,-675.6022003075541,-673.1178658471922
53,user57,-608.5560516031497,-608.5560516031496,-608.5560516031497,-608.5560516031499,-605.000816593953,-653.0147976227047,-709.2577175301406,-682.7450292404969,-628.0848104473314,-638.1119774070464,-654.5222461128465,-707.7776522620627,-687.0639636623134,-638.4020092300675,-640.605155854143
54,user58,-727.781877020408,-727.448855537875,-727.464337917814,-727.7423438104975,-727.7930026164818,-726.9267971252166,-725.6322816263961,-726.9906334415696,-726.2922045065013,-727.1609910120255,-727.1200128244241,-727.2824249376622,-727.2386412408221,-727.078788711606,-727.0752930050628
55,user59,-281.74722015475373,-282.7923651493691,-282.7923651493691,-282.7923651493691,-374.45695167130054,-394.02549541013394,-644.1870202960285,-603.7919388373343,-387.688782373643,-457.92774150398776,-397.9384089754999,-648.5114709692378,-607.6835363428622,-391.86959731240404,-458.18996774439887
56,user6,-435.982967095877,-435.98296709587686,-435.98296709587686,-435.7346302278365,-482.01824353356784,-525.3043142940754,-673.6107522946178,-659.349741647939,-514.3253588935602,-546.5287985172351,-524.8627540204486,-673.2283757553938,-662.4911055259674,-517.8086938177149,-547.1262582067745
57,user60,-649.2446042821141,-649.2446042821141,-649.2446042821142,-649.2446042821141,-638.8826549833108,-666.2755234624506,-707.3890069942372,-700.2269802388694,-659.1023690735055,-666.102374260658,-673.4903239487394,-710.3272536065831,-701.3572477522359,-658.1413158759749,-667.4685489551341
58,user61,-608.4879114757985,-608.4879114757985,-608.4879114757987,-608.4879114757985,-606.9115238779746,-633.706307212597,-701.4351596974047,-687.8667724372453,-638.4725772442129,-624.989026424106,-639.8198348486159,-703.1807333959309,-685.8904824442127,-639.5284307285868,-631.1839154165239
59,user62,-635.1547411627791,-649.1889187864892,-648.2406262816899,-631.6085334251696,-635.154741162779,-651.0805435933529,-689.3919694575636,-684.3438681669138,-638.79417011963,-651.0805435933529,-651.080543593353,-690.3664142408995,-681.2533588494318,-637.2498474971934,-651.0805435933529
60,user63,-571.3726960025417,-571.3726960025417,-571.3726960025417,-566.5893250084921,-569.8403078463195,-601.6478053091972,-694.5146244577686,-684.5045968264883,-600.4382992094647,-598.9588613985749,-601.7559756004732,-695.0683809534933,-684.7582187925195,-599.303066278301,-598.7621877579794
61,user64,-647.8558974067184,-645.8115713073576,-647.8558974067172,-647.8558974067168,-639.3615566053019,-675.2515060415092,-703.7374484096285,-702.5485503987643,-667.4241510796182,-670.7404041957857,-678.5962242192616,-703.861310952756,-704.2106622595331,-668.8870399512277,-674.2040905526499
62,user65,-331.44492213623795,-416.138752161129,-394.6994412766121,-351.051275570037,-413.44172454526944,-366.26837414947397,-608.5980937339814,-521.4995845255495,-364.3691195906839,-430.6761837964178,-366.89324775273803,-613.1112398382348,-523.0955639811268,-368.34547975634064,-435.93431203326287
63,user66,-408.04242273227555,-408.18503730455177,-408.18503730455177,-402.3938179860214,-459.9340201522361,-510.912814929148,-667.2708406832832,-624.5572547720399,-467.69990061422965,-531.4006180841407,-519.5727577390753,-668.9436464669966,-630.7161356781193,-469.2200686857516,-537.131941971361
64,user67,-356.8914957550256,-356.89149575502563,-356.8914957550256,-356.8914957550256,-379.869617200187,-491.2354663670527,-635.4510505112285,-639.421921611485,-477.4110858896197,-499.29109584008756,-498.4849250563433,-643.8022856650038,-645.0458327435294,-484.4250843958775,-505.60301669600705
65,user68,-543.7744499896114,-555.4570308599626,-555.4570308599626,-546.6200468883862,-552.3295408524732,-571.0038276593609,-689.0242276579138,-656.6504836954678,-568.5998511314523,-564.1539383661238,-564.0748233461482,-684.5331320930198,-656.273067037648,-565.6989413089354,-561.9696915563111
66,user69,-508.0579398265833,-508.0579398265834,-508.0579398265833,-508.0579398265834,-507.32452587962547,-616.960219534303,-692.1651750047747,-684.6984514893281,-603.0966860274623,-609.016156964185,-617.6868688083556,-694.2418340395075,-685.2495099354633,-601.5399778390172,-606.6291989802028
67,user7,-606.3669339579974,-606.3669339579976,-606.3669339579969,-604.9209245640134,-600.3275185328962,-643.7039902199299,-698.4379211486341,-688.4496826592972,-632.6692317894033,-634.360629584638,-643.7113031878696,-701.0062245371478,-689.6702774256751,-635.8710294520877,-637.5578368445374
68,user70,-407.2585705408971,-407.2585705408971,-407.25857054089715,-407.25857054089715,-401.83465983686534,-527.8486948770017,-666.8008680593816,-661.1787017188719,-504.19937003519516,-512.3013627250964,-533.7467770025025,-674.243961688132,-661.8261499181588,-511.1397838314886,-513.8412017956132
69,user71,-259.5104943128132,-259.51049431281314,-259.51049431281314,-259.5104943128131,-341.6468651248978,-396.69744998543945,-634.8930340332474,-593.0279899162645,-358.3009038990224,-449.0737019214641,-400.501510868883,-642.0978280904212,-597.6840150188673,-358.63967205207695,-447.53224937796296
70,user72,-405.1097224549816,-405.1097224549816,-405.1097224549816,-405.1097224549815,-439.8322029465772,-508.92286380488224,-644.1593992946878,-642.3328791002187,-497.4432580242807,-532.4945014310813,-516.4914620180538,-646.9249272203765,-638.6717989883705,-500.1096234468559,-537.163359366647
71,user73,-609.8007308874691,-609.8007308874691,-609.8007308874692,-609.6325780170324,-597.6492117752143,-612.8838467282092,-686.2749197118059,-666.3282739972049,-612.0214831103037,-595.1480051188962,-616.9240299879165,-690.4137637383949,-667.1448134559457,-616.0505912627327,-599.7738619356553
72,user74,-653.8747375483279,-653.5828703690597,-653.8747375483279,-653.8747375483279,-647.467918430906,-675.9850803221161,-709.6735023186762,-698.9543251968469,-663.2047222308572,-667.3152334694014,-676.5577512930449,-709.617798143985,-700.576571757375,-661.702487370608,-668.95412257936
73,user75,-351.46775976721653,-351.4677597672165,-351.4677597672164,-351.4677597672164,-358.9674802923212,-486.0246944239209,-648.7824654815595,-636.8493907214535,-461.12175325480155,-498.8517645260231,-486.1960207313723,-651.4735606536829,-637.2000465867004,-467.25084076515674,-504.65043739952563
74,user76,-722.5207446208785,-725.1089158151142,-720.4804290718253,-721.9042561673252,-721.2561796714826,-720.1464389484627,-724.74542388776,-720.274583310163,-720.5148518716541,-722.2545744991673,-720.7323466557227,-724.8257279955362,-722.2669498851576,-721.7330951770512,-721.8976969295732
75,user77,-514.6439089886999,-516.7848055692848,-517.6244131286669,-508.5332099105214,-508.9860168329552,-546.3282289182046,-671.4363730051725,-642.7315492182674,-534.157575056222,-526.7454322194101,-547.3557095577711,-675.8474648301539,-653.1781212423939,-546.3222124814145,-535.445808490833
76,user78,-378.2476366894142,-378.2476366894142,-378.24763668941426,-378.2476366894142,-392.6666493304318,-529.6519644205262,-657.0304507222772,-646.7046018559723,-499.12641405240026,-522.0984228909231,-534.7769433865742,-662.9422604755389,-650.6319884990321,-500.8464656158468,-524.1626496901966
77,user79,-647.7751044727347,-643.3761087958646,-647.7751044727347,-647.7751044727348,-638.2068114887284,-668.5364750355834,-701.9828638595059,-700.7763722822353,-661.5074539316133,-662.546376806531,-671.6591367983119,-707.9838048032268,-701.8849542206499,-663.7637519621337,-664.4669852756895
78,user8,-441.10002678867113,-437.2620315499238,-443.4355628779117,-439.2041121092366,-451.5929165588506,-484.82272342468,-631.994459797572,-625.7234536829328,-492.3615634446133,-487.5544272182469,-490.62629572891956,-637.0367147931676,-628.8709563530491,-496.15743603122064,-493.4847121513056
79,user80,-717.3772603986445,-720.5017073736101,-720.1888883391191,-720.5017073736497,-716.8048614494403,-714.7258827021742,-726.071346155127,-722.787724248441,-717.6470675434043,-715.9892671700345,-717.5024534196014,-726.6763844164643,-722.9487571582408,-720.0147129102045,-716.5680687377371
80,user81,-535.4360325559442,-540.0153281532457,-540.0153281532456,-534.11009657054,-525.7982165145597,-574.5806125995518,-683.6942621455682,-653.2396070941963,-560.1215795954265,-549.5055178733717,-576.3935363887458,-684.2864474438838,-652.4717880049204,-560.2594251280437,-552.8201580204222
81,user82,-663.5062831406085,-663.4556788978942,-663.5062831406085,-663.4189908878267,-664.9270352937922,-686.0106208787404,-714.5545981068781,-704.2945731052532,-678.6750998213067,-684.1599111359328,-684.7774348752981,-717.8398748955151,-707.1626686324455,-680.5185457628553,-683.1590152854794
82,user83,-605.1048318840269,-605.1048318840269,-605.1048318840276,-605.1048318840269,-604.8800688511617,-656.6773326864408,-702.7461770223658,-694.1085500242775,-645.4182379038255,-651.7784021668386,-655.7851403962485,-701.6412113231315,-694.4626034347066,-645.4072602757473,-650.2475638399491
83,user84,-395.4063592997548,-395.4063592997548,-395.4063592997548,-395.40635929975474,-466.0016451959879,-508.6560621979469,-646.2243710350758,-651.9169742793781,-494.5437578499829,-537.3366217034222,-512.8352245588003,-652.7324235615498,-651.5067378392878,-500.54795896971575,-534.0875576585656
84,user85,-726.727189079678,-724.8244650839683,-725.8608705846111,-726.6200871618917,-726.7020138391733,-721.3566442011249,-720.6223034610227,-725.4455712334059,-724.3552812905158,-724.2585951498111,-723.3729453611634,-725.0787140743419,-726.444187531222,-724.7488022769642,-724.2663275044661
85,user86,-548.8518800662295,-562.1066408402727,-562.1066408402727,-556.9002079427202,-532.5269571445424,-582.3355278178985,-678.6646647110076,-654.1961082206564,-568.5915187265165,-556.4187303902672,-578.9204874599698,-682.1098837573579,-658.443630546639,-570.5841064806582,-559.7914477909501
86,user87,-725.7682535837357,-726.531076649762,-725.950317086413,-726.4868199279026,-726.5372480936123,-721.6139460872321,-724.0941391975875,-725.2470059494283,-723.3646789286427,-720.625732269224,-725.3064308564486,-726.8607295535714,-726.4742675918304,-725.9758292036092,-725.3082229660629
87,user88,-585.5332017269498,-585.5332017269498,-585.5332017269498,-585.5332017269499,-581.9080192763888,-647.1750458139331,-697.0158578872263,-692.0647939837459,-628.2571002734268,-642.2559012660431,-650.6426374739593,-699.2155428322415,-691.4613996466912,-629.112595059803,-645.5189968403421
88,user89,-436.8806196951086,-436.8806196951085,-436.8806196951086,-436.8806196951085,-430.74196454552265,-563.0256097663855,-672.7939226225144,-654.0790996277042,-520.1963800492445,-551.6908094491798,-564.0299759453139,-679.1355649277216,-657.2312406198417,-521.3540593635728,-551.627188376418
89,user9,-330.0195129449132,-339.20834476373216,-339.20834476373216,-331.91598878571244,-386.3746947644794,-448.8415134571975,-640.1896174436903,-608.4894586672062,-430.54821282757445,-475.1882521845615,-455.6971145636632,-643.2359386851382,-617.1044639075004,-434.47024019834475,-481.2779685752651
90,user90,-704.1692630408315,-703.8977192861859,-703.9376661235202,-703.540634517484,-702.7423562764129,-708.6063807929901,-718.3762476262422,-717.7291691695837,-705.5049288536973,-705.9931624154515,-711.1832996642047,-719.1429004891097,-718.239397205013,-707.317239203325,-708.544504127274
91,user91,-727.6009525641089,-724.7410718973185,-727.5897897190246,-727.7633218544647,-727.7632995522242,-726.6153587844558,-720.349407370656,-725.8459495624589,-726.983037845855,-727.5038633178963,-723.314805517369,-723.4756862330596,-725.9353460321875,-727.0763874591105,-725.81101328877
92,user92,-334.22122436155234,-354.9610276559291,-354.9610276559291,-347.94539947265565,-404.8804902727613,-434.23920548181616,-648.3509087185998,-612.0462613934557,-433.8808308441553,-475.2570769760067,-432.7347274746111,-650.9336995213478,-613.5697767613304,-439.51150505867594,-476.4444253343773
93,user93,-489.4306335973607,-489.4306335973608,-489.4306335973607,-489.4306335973608,-493.2809314942419,-579.6336107253171,-687.2136942739736,-674.7041299733655,-566.7593134371384,-581.3017118719724,-577.1814824115211,-688.8317224127698,-678.8164231981948,-565.1724581831645,-579.9835531597375
94,user94,-643.0342105150459,-643.034210515046,-643.0342105150459,-643.0342105150459,-643.034210515046,-662.7212400700905,-700.6546932168817,-703.7851466292323,-659.7919180559152,-662.7212400700905,-664.4422366305917,-701.4916257640248,-705.767607317214,-661.6753213651666,-664.4422366305914
95,user95,-422.6112674931895,-422.6112674931895,-422.6112674931894,-422.6112674931895,-455.5882243832163,-564.2323916330656,-692.7648035771199,-654.0995717437443,-536.3833404221139,-575.0203050356793,-564.6585173185066,-695.0801174219562,-660.7723278416593,-539.9250359794898,-575.2744928026978
96,user96,-460.8503716376381,-460.8503716376381,-460.85037163763803,-460.8503716376381,-471.4931153251401,-539.7125943543556,-667.4682172973841,-659.1257186034626,-528.4912270946509,-545.1841674763009,-543.489819296317,-668.2787698784043,-658.3947512773935,-532.5857345533059,-546.8220444356053
97,user97,-693.196264378463,-693.2555080323918,-696.2214905411299,-696.1919931170605,-693.7439253507782,-693.9592203947051,-713.6910822676257,-708.8297621610594,-696.5099267757976,-697.7883567121949,-695.7519144320647,-713.961966900662,-710.185272557673,-696.8395262837598,-696.8672879027342
98,user98,-726.2569492487933,-726.2569492487935,-726.2569492487933,-725.8888860607044,-726.2569503964796,-724.2965770963644,-724.569640143224,-726.9004403145198,-725.7028829609094,-724.9489576978463,-726.7579574950944,-727.5068539374975,-727.0826909962864,-726.6689566917876,-725.2702795571001
99,user99,-532.2354953789145,-532.2354953789146,-532.2354953789145,-532.2354953789145,-525.9575185199437,-599.6011740952114,-681.4028498591952,-671.3385171100715,-583.8247227619333,-583.0882573776878,-605.11052178043,-688.9779096655136,-671.4600013163276,-588.4842569064983,-588.0081589133422
